{
    "$schema": "https://schema.management.azure.com/schemas/2015-01-01/deploymentParameters.json#",
    "contentVersion": "1.0.0.0",
    "parameters": {
        "location": {
            "value": "northeurope"
        },
        "networkInterfaceName": {
            "value": "mvpgoncabwebwind204"
        },
        "networkSecurityGroupName": {
            "value": "mvpgoncabwebwind-nsg"
        },
        "networkSecurityGroupRules": {
            "value": [
                {
                    "name": "Windows",
                    "properties": {
                        "priority": 1010,
                        "protocol": "TCP",
                        "access": "Allow",
                        "direction": "Inbound",
                        "sourceApplicationSecurityGroups": [],
                        "destinationApplicationSecurityGroups": [],
                        "sourceAddressPrefix": "*",
                        "sourcePortRange": "*",
                        "destinationAddressPrefix": "*",
                        "destinationPortRange": "3389"
                    }
                }
            ]
        },
        "subnetName": {
            "value": "default"
        },
        "virtualNetworkName": {
            "value": "mvpgoncabwebwind-vnet"
        },
        "addressPrefixes": {
            "value": [
                "10.1.0.0/16"
            ]
        },
        "subnets": {
            "value": [
                {
                    "name": "default",
                    "properties": {
                        "addressPrefix": "10.1.0.0/24"
                    }
                }
            ]
        },
        "publicIpAddressName": {
            "value": "mvpgoncabwebwind-ip"
        },
        "publicIpAddressType": {
            "value": "Static"
        },
        "publicIpAddressSku": {
            "value": "Standard"
        },
        "pipDeleteOption": {
            "value": "Detach"
        },
        "virtualMachineName": {
            "value": "mvpgoncabwebwind"
        },
        "virtualMachineComputerName": {
            "value": "mvpgoncabwebwin"
        },
        "virtualMachineRG": {
            "value": "mvpgoncabwebwind_web_wind"
        },
        "osDiskType": {
            "value": "Standard_LRS"
        },
        "osDiskDeleteOption": {
            "value": "Delete"
        },
        "virtualMachineSize": {
            "value": "Standard_B2s"
        },
        "nicDeleteOption": {
            "value": "Detach"
        },
        "hibernationEnabled": {
            "value": false
        },
        "adminUsername": {
            "value": "pgoncab"
        },
        "adminPassword": {
            "value": null
        },
        "patchMode": {
            "value": "AutomaticByOS"
        },
        "enablePeriodicAssessment": {
            "value": "ImageDefault"
        },
        "enableHotpatching": {
            "value": false
        }
    }
}